[{
    "commands": [
        {
            "name": "add-meeting",
            "arguments": [
                {
                    "name": "date",
                    "value": "11232016"
                },
                {
                    "name": "start-time",
                    "value": "12:45"
                },
                {
                    "name": "end-time",
                    "value": "1:53"
                },
                {
                    "name": "room-id",
                    "value": "3A66"
                },
                {
                    "name": "description",
                    "value": "Status update"
                },
                {
                    "name": "attendee",
                    "value": "gayxx067"
                },
                {
                    "name": "attendee",
                    "value": "bob099"
                },
                {
                    "name": "attendee",
                    "value": "Mario Mario"
                }
            ]
        },
        {
            "name": "edit-meeting-details",
            "arguments": [
                {
                    "name": "meeting-id",
                    "value": "1"
                },
                {
                    "name": "date",
                    "value": "11242016"
                }
            ]
        },
        {
            "name": "edit-meeting-remove-attendees",
            "arguments": [
                {
                    "name": "meeting-id",
                    "value": "1"
                },
                {
                    "name": "attendee",
                    "value": "Mario Mario"
                }
            ]
        },
        {
            "name": "print-schedule-room",
            "arguments": [
                {
                    "name": "room-id",
                    "value": "3A66"
                },
                {
                    "name": "start-date",
                    "value": "11242016"
                },
                {
                    "name": "end-date",
                    "value": "11252016"
                },
                {
                    "name": "output-file",
                    "value": "test.json"
                }
            ]
        },
        {
            "name": "delete-meeting",
            "arguments": [
                {
                    "name": "meeting-id",
                    "value": "1"
                }
            ]
        },
        {
            "name": "print-schedule-room",
            "arguments": [
                {
                    "name": "room-id",
                    "value": "3A66"
                },
                {
                    "name": "start-date",
                    "value": "11242016"
                },
                {
                    "name": "end-date",
                    "value": "11252016"
                },
                {
                    "name": "output-file",
                    "value": "test2.json"
                }
            ]
        },
        {
            "name": "add-vacation",
            "arguments": [
                {
                    "name": "employee-id",
                    "value": "gayxx067"
                },
                {
                    "name": "start-date",
                    "value": "02232017"
                },
                {
                    "name": "end-date",
                    "value": "02252017"
                }
            ]
        },
        {
            "name": "print-schedule-employee",
            "arguments": [
                {
                    "name": "employee-id",
                    "value": "gayxx067"
                },
                {
                    "name": "start-date",
                    "value": "02012017"
                },
                {
                    "name": "end-date",
                    "value": "02282017"
                },
                {
                    "name": "output-file",
                    "value": "test3.json"
                }
            ]
        }
    ]
}]
